algorithm,group_type,group,strict_correct,strict_total,strict_rank1_percent,matcher_correct,matcher_total,matcher_rank1_percent,no_face,unusable
lbph,severity,heavy,30,308,9.74025974025974,30,274,10.94890510948905,34,0
lbph,severity,light,81,476,17.016806722689076,81,458,17.685589519650655,18,0
lbph,severity,medium,43,364,11.813186813186814,43,357,12.044817927170868,7,0
lbph,transform,aspect_16_9,6,28,21.428571428571427,6,28,21.428571428571427,0,0
lbph,transform,aspect_6_3,4,28,14.285714285714286,4,28,14.285714285714286,0,0
lbph,transform,autolevel,6,28,21.428571428571427,6,28,21.428571428571427,0,0
lbph,transform,blur_3,5,28,17.857142857142858,5,28,17.857142857142858,0,0
lbph,transform,blur_5,3,28,10.714285714285714,3,28,10.714285714285714,0,0
lbph,transform,blur_7,3,28,10.714285714285714,3,28,10.714285714285714,0,0
lbph,transform,brightness_p10,6,28,21.428571428571427,6,28,21.428571428571427,0,0
lbph,transform,brightness_p20,6,28,21.428571428571427,6,28,21.428571428571427,0,0
lbph,transform,brightness_p25,6,28,21.428571428571427,6,28,21.428571428571427,0,0
lbph,transform,color_8bit,3,28,10.714285714285714,3,23,13.043478260869565,5,0
lbph,transform,crop_60,2,28,7.142857142857143,2,28,7.142857142857143,0,0
lbph,transform,crop_70,2,28,7.142857142857143,2,28,7.142857142857143,0,0
lbph,transform,crop_90,7,28,25.0,7,28,25.0,0,0
lbph,transform,flip_lr,2,28,7.142857142857143,2,28,7.142857142857143,0,0
lbph,transform,gaussnoise_12,4,28,14.285714285714286,4,27,14.814814814814815,1,0
lbph,transform,gaussnoise_4,5,28,17.857142857142858,5,28,17.857142857142858,0,0
lbph,transform,gaussnoise_8,4,28,14.285714285714286,4,28,14.285714285714286,0,0
lbph,transform,histeq,6,28,21.428571428571427,6,28,21.428571428571427,0,0
lbph,transform,jpeg_q30,3,28,10.714285714285714,3,28,10.714285714285714,0,0
lbph,transform,jpeg_q60,5,28,17.857142857142858,5,28,17.857142857142858,0,0
lbph,transform,jpeg_q80,6,28,21.428571428571427,6,28,21.428571428571427,0,0
lbph,transform,monochrome,6,28,21.428571428571427,6,26,23.076923076923077,2,0
lbph,transform,persp_10,2,28,7.142857142857143,2,28,7.142857142857143,0,0
lbph,transform,persp_4,5,28,17.857142857142858,5,28,17.857142857142858,0,0
lbph,transform,persp_6,4,28,14.285714285714286,4,28,14.285714285714286,0,0
lbph,transform,rgb565,5,28,17.857142857142858,5,28,17.857142857142858,0,0
lbph,transform,rot_10,1,28,3.5714285714285716,1,28,3.5714285714285716,0,0
lbph,transform,rot_180,1,28,3.5714285714285716,1,27,3.7037037037037037,1,0
lbph,transform,rot_25,0,28,0.0,0,27,0.0,1,0
lbph,transform,rot_270,0,28,0.0,0,16,0.0,12,0
lbph,transform,rot_45,2,28,7.142857142857143,2,18,11.11111111111111,10,0
lbph,transform,rot_90,0,28,0.0,0,12,0.0,16,0
lbph,transform,scale_50,0,28,0.0,0,20,0.0,8,0
lbph,transform,scale_70,4,28,14.285714285714286,4,28,14.285714285714286,0,0
lbph,transform,scale_90,6,28,21.428571428571427,6,28,21.428571428571427,0,0
lbph,transform,skew_10,6,28,21.428571428571427,6,28,21.428571428571427,0,0
lbph,transform,skew_4,6,28,21.428571428571427,6,28,21.428571428571427,0,0
lbph,transform,skew_6,6,28,21.428571428571427,6,28,21.428571428571427,0,0
lbph,transform,trans_10,3,28,10.714285714285714,3,28,10.714285714285714,0,0
lbph,transform,trans_20,1,28,3.5714285714285716,1,28,3.5714285714285716,0,0
lbph,transform,trans_30,2,28,7.142857142857143,2,25,8.0,3,0
lbph,category,Aspect ratio change,10,56,17.857142857142858,10,56,17.857142857142858,0,0
lbph,category,Auto-levels,6,28,21.428571428571427,6,28,21.428571428571427,0,0
lbph,category,Blur,11,84,13.095238095238095,11,84,13.095238095238095,0,0
lbph,category,Brightness change,18,84,21.428571428571427,18,84,21.428571428571427,0,0
lbph,category,Colour reduction,8,56,14.285714285714286,8,51,15.686274509803921,5,0
lbph,category,Colour to monochrome,6,28,21.428571428571427,6,26,23.076923076923077,2,0
lbph,category,Crop,11,84,13.095238095238095,11,84,13.095238095238095,0,0
lbph,category,Flip,2,28,7.142857142857143,2,28,7.142857142857143,0,0
lbph,category,Gaussian noise,13,84,15.476190476190476,13,83,15.662650602409638,1,0
lbph,category,Histogram equalization,6,28,21.428571428571427,6,28,21.428571428571427,0,0
lbph,category,JPEG compression,14,84,16.666666666666668,14,84,16.666666666666668,0,0
lbph,category,Perspective,11,84,13.095238095238095,11,84,13.095238095238095,0,0
lbph,category,Rotation,1,84,1.1904761904761905,1,55,1.8181818181818181,29,0
lbph,category,Scaling,10,84,11.904761904761905,10,76,13.157894736842104,8,0
lbph,category,Simple rotation,3,84,3.5714285714285716,3,73,4.109589041095891,11,0
lbph,category,Skew,18,84,21.428571428571427,18,84,21.428571428571427,0,0
lbph,category,Translation,6,84,7.142857142857143,6,81,7.407407407407407,3,0
ltp,severity,heavy,20,308,6.4935064935064934,20,274,7.299270072992701,34,0
ltp,severity,light,48,476,10.084033613445378,48,458,10.480349344978166,18,0
ltp,severity,medium,23,364,6.318681318681318,23,357,6.442577030812325,7,0
ltp,transform,aspect_16_9,1,28,3.5714285714285716,1,28,3.5714285714285716,0,0
ltp,transform,aspect_6_3,1,28,3.5714285714285716,1,28,3.5714285714285716,0,0
ltp,transform,autolevel,4,28,14.285714285714286,4,28,14.285714285714286,0,0
ltp,transform,blur_3,1,28,3.5714285714285716,1,28,3.5714285714285716,0,0
ltp,transform,blur_5,1,28,3.5714285714285716,1,28,3.5714285714285716,0,0
ltp,transform,blur_7,1,28,3.5714285714285716,1,28,3.5714285714285716,0,0
ltp,transform,brightness_p10,4,28,14.285714285714286,4,28,14.285714285714286,0,0
ltp,transform,brightness_p20,5,28,17.857142857142858,5,28,17.857142857142858,0,0
ltp,transform,brightness_p25,6,28,21.428571428571427,6,28,21.428571428571427,0,0
ltp,transform,color_8bit,1,28,3.5714285714285716,1,23,4.3478260869565215,5,0
ltp,transform,crop_60,1,28,3.5714285714285716,1,28,3.5714285714285716,0,0
ltp,transform,crop_70,1,28,3.5714285714285716,1,28,3.5714285714285716,0,0
ltp,transform,crop_90,2,28,7.142857142857143,2,28,7.142857142857143,0,0
ltp,transform,flip_lr,1,28,3.5714285714285716,1,28,3.5714285714285716,0,0
ltp,transform,gaussnoise_12,1,28,3.5714285714285716,1,27,3.7037037037037037,1,0
ltp,transform,gaussnoise_4,6,28,21.428571428571427,6,28,21.428571428571427,0,0
ltp,transform,gaussnoise_8,3,28,10.714285714285714,3,28,10.714285714285714,0,0
ltp,transform,histeq,5,28,17.857142857142858,5,28,17.857142857142858,0,0
ltp,transform,jpeg_q30,2,28,7.142857142857143,2,28,7.142857142857143,0,0
ltp,transform,jpeg_q60,2,28,7.142857142857143,2,28,7.142857142857143,0,0
ltp,transform,jpeg_q80,2,28,7.142857142857143,2,28,7.142857142857143,0,0
ltp,transform,monochrome,3,28,10.714285714285714,3,26,11.538461538461538,2,0
ltp,transform,persp_10,1,28,3.5714285714285716,1,28,3.5714285714285716,0,0
ltp,transform,persp_4,2,28,7.142857142857143,2,28,7.142857142857143,0,0
ltp,transform,persp_6,2,28,7.142857142857143,2,28,7.142857142857143,0,0
ltp,transform,rgb565,4,28,14.285714285714286,4,28,14.285714285714286,0,0
ltp,transform,rot_10,3,28,10.714285714285714,3,28,10.714285714285714,0,0
ltp,transform,rot_180,1,28,3.5714285714285716,1,27,3.7037037037037037,1,0
ltp,transform,rot_25,1,28,3.5714285714285716,1,27,3.7037037037037037,1,0
ltp,transform,rot_270,1,28,3.5714285714285716,1,16,6.25,12,0
ltp,transform,rot_45,1,28,3.5714285714285716,1,18,5.555555555555555,10,0
ltp,transform,rot_90,1,28,3.5714285714285716,1,12,8.333333333333334,16,0
ltp,transform,scale_50,1,28,3.5714285714285716,1,20,5.0,8,0
ltp,transform,scale_70,1,28,3.5714285714285716,1,28,3.5714285714285716,0,0
ltp,transform,scale_90,2,28,7.142857142857143,2,28,7.142857142857143,0,0
ltp,transform,skew_10,3,28,10.714285714285714,3,28,10.714285714285714,0,0
ltp,transform,skew_4,3,28,10.714285714285714,3,28,10.714285714285714,0,0
ltp,transform,skew_6,3,28,10.714285714285714,3,28,10.714285714285714,0,0
ltp,transform,trans_10,4,28,14.285714285714286,4,28,14.285714285714286,0,0
ltp,transform,trans_20,1,28,3.5714285714285716,1,28,3.5714285714285716,0,0
ltp,transform,trans_30,2,28,7.142857142857143,2,25,8.0,3,0
ltp,category,Aspect ratio change,2,56,3.5714285714285716,2,56,3.5714285714285716,0,0
ltp,category,Auto-levels,4,28,14.285714285714286,4,28,14.285714285714286,0,0
ltp,category,Blur,3,84,3.5714285714285716,3,84,3.5714285714285716,0,0
ltp,category,Brightness change,15,84,17.857142857142858,15,84,17.857142857142858,0,0
ltp,category,Colour reduction,5,56,8.928571428571429,5,51,9.803921568627452,5,0
ltp,category,Colour to monochrome,3,28,10.714285714285714,3,26,11.538461538461538,2,0
ltp,category,Crop,4,84,4.761904761904762,4,84,4.761904761904762,0,0
ltp,category,Flip,1,28,3.5714285714285716,1,28,3.5714285714285716,0,0
ltp,category,Gaussian noise,10,84,11.904761904761905,10,83,12.048192771084338,1,0
ltp,category,Histogram equalization,5,28,17.857142857142858,5,28,17.857142857142858,0,0
ltp,category,JPEG compression,6,84,7.142857142857143,6,84,7.142857142857143,0,0
ltp,category,Perspective,5,84,5.9523809523809526,5,84,5.9523809523809526,0,0
ltp,category,Rotation,3,84,3.5714285714285716,3,55,5.454545454545454,29,0
ltp,category,Scaling,4,84,4.761904761904762,4,76,5.2631578947368425,8,0
ltp,category,Simple rotation,5,84,5.9523809523809526,5,73,6.8493150684931505,11,0
ltp,category,Skew,9,84,10.714285714285714,9,84,10.714285714285714,0,0
ltp,category,Translation,7,84,8.333333333333334,7,81,8.641975308641975,3,0
tan_triggs_ltp,severity,heavy,37,308,12.012987012987013,37,274,13.503649635036496,34,0
tan_triggs_ltp,severity,light,90,476,18.907563025210084,90,458,19.650655021834062,18,0
tan_triggs_ltp,severity,medium,62,364,17.032967032967033,62,357,17.366946778711483,7,0
tan_triggs_ltp,transform,aspect_16_9,7,28,25.0,7,28,25.0,0,0
tan_triggs_ltp,transform,aspect_6_3,7,28,25.0,7,28,25.0,0,0
tan_triggs_ltp,transform,autolevel,6,28,21.428571428571427,6,28,21.428571428571427,0,0
tan_triggs_ltp,transform,blur_3,6,28,21.428571428571427,6,28,21.428571428571427,0,0
tan_triggs_ltp,transform,blur_5,6,28,21.428571428571427,6,28,21.428571428571427,0,0
tan_triggs_ltp,transform,blur_7,5,28,17.857142857142858,5,28,17.857142857142858,0,0
tan_triggs_ltp,transform,brightness_p10,7,28,25.0,7,28,25.0,0,0
tan_triggs_ltp,transform,brightness_p20,7,28,25.0,7,28,25.0,0,0
tan_triggs_ltp,transform,brightness_p25,7,28,25.0,7,28,25.0,0,0
tan_triggs_ltp,transform,color_8bit,3,28,10.714285714285714,3,23,13.043478260869565,5,0
tan_triggs_ltp,transform,crop_60,3,28,10.714285714285714,3,28,10.714285714285714,0,0
tan_triggs_ltp,transform,crop_70,4,28,14.285714285714286,4,28,14.285714285714286,0,0
tan_triggs_ltp,transform,crop_90,5,28,17.857142857142858,5,28,17.857142857142858,0,0
tan_triggs_ltp,transform,flip_lr,3,28,10.714285714285714,3,28,10.714285714285714,0,0
tan_triggs_ltp,transform,gaussnoise_12,2,28,7.142857142857143,2,27,7.407407407407407,1,0
tan_triggs_ltp,transform,gaussnoise_4,6,28,21.428571428571427,6,28,21.428571428571427,0,0
tan_triggs_ltp,transform,gaussnoise_8,4,28,14.285714285714286,4,28,14.285714285714286,0,0
tan_triggs_ltp,transform,histeq,5,28,17.857142857142858,5,28,17.857142857142858,0,0
tan_triggs_ltp,transform,jpeg_q30,5,28,17.857142857142858,5,28,17.857142857142858,0,0
tan_triggs_ltp,transform,jpeg_q60,6,28,21.428571428571427,6,28,21.428571428571427,0,0
tan_triggs_ltp,transform,jpeg_q80,7,28,25.0,7,28,25.0,0,0
tan_triggs_ltp,transform,monochrome,7,28,25.0,7,26,26.923076923076923,2,0
tan_triggs_ltp,transform,persp_10,4,28,14.285714285714286,4,28,14.285714285714286,0,0
tan_triggs_ltp,transform,persp_4,5,28,17.857142857142858,5,28,17.857142857142858,0,0
tan_triggs_ltp,transform,persp_6,5,28,17.857142857142858,5,28,17.857142857142858,0,0
tan_triggs_ltp,transform,rgb565,5,28,17.857142857142858,5,28,17.857142857142858,0,0
tan_triggs_ltp,transform,rot_10,4,28,14.285714285714286,4,28,14.285714285714286,0,0
tan_triggs_ltp,transform,rot_180,2,28,7.142857142857143,2,27,7.407407407407407,1,0
tan_triggs_ltp,transform,rot_25,2,28,7.142857142857143,2,27,7.407407407407407,1,0
tan_triggs_ltp,transform,rot_270,2,28,7.142857142857143,2,16,12.5,12,0
tan_triggs_ltp,transform,rot_45,1,28,3.5714285714285716,1,18,5.555555555555555,10,0
tan_triggs_ltp,transform,rot_90,1,28,3.5714285714285716,1,12,8.333333333333334,16,0
tan_triggs_ltp,transform,scale_50,0,28,0.0,0,20,0.0,8,0
tan_triggs_ltp,transform,scale_70,7,28,25.0,7,28,25.0,0,0
tan_triggs_ltp,transform,scale_90,6,28,21.428571428571427,6,28,21.428571428571427,0,0
tan_triggs_ltp,transform,skew_10,7,28,25.0,7,28,25.0,0,0
tan_triggs_ltp,transform,skew_4,7,28,25.0,7,28,25.0,0,0
tan_triggs_ltp,transform,skew_6,7,28,25.0,7,28,25.0,0,0
tan_triggs_ltp,transform,trans_10,3,28,10.714285714285714,3,28,10.714285714285714,0,0
tan_triggs_ltp,transform,trans_20,2,28,7.142857142857143,2,28,7.142857142857143,0,0
tan_triggs_ltp,transform,trans_30,1,28,3.5714285714285716,1,25,4.0,3,0
tan_triggs_ltp,category,Aspect ratio change,14,56,25.0,14,56,25.0,0,0
tan_triggs_ltp,category,Auto-levels,6,28,21.428571428571427,6,28,21.428571428571427,0,0
tan_triggs_ltp,category,Blur,17,84,20.238095238095237,17,84,20.238095238095237,0,0
tan_triggs_ltp,category,Brightness change,21,84,25.0,21,84,25.0,0,0
tan_triggs_ltp,category,Colour reduction,8,56,14.285714285714286,8,51,15.686274509803921,5,0
tan_triggs_ltp,category,Colour to monochrome,7,28,25.0,7,26,26.923076923076923,2,0
tan_triggs_ltp,category,Crop,12,84,14.285714285714286,12,84,14.285714285714286,0,0
tan_triggs_ltp,category,Flip,3,28,10.714285714285714,3,28,10.714285714285714,0,0
tan_triggs_ltp,category,Gaussian noise,12,84,14.285714285714286,12,83,14.457831325301205,1,0
tan_triggs_ltp,category,Histogram equalization,5,28,17.857142857142858,5,28,17.857142857142858,0,0
tan_triggs_ltp,category,JPEG compression,18,84,21.428571428571427,18,84,21.428571428571427,0,0
tan_triggs_ltp,category,Perspective,14,84,16.666666666666668,14,84,16.666666666666668,0,0
tan_triggs_ltp,category,Rotation,5,84,5.9523809523809526,5,55,9.090909090909092,29,0
tan_triggs_ltp,category,Scaling,13,84,15.476190476190476,13,76,17.105263157894736,8,0
tan_triggs_ltp,category,Simple rotation,7,84,8.333333333333334,7,73,9.58904109589041,11,0
tan_triggs_ltp,category,Skew,21,84,25.0,21,84,25.0,0,0
tan_triggs_ltp,category,Translation,6,84,7.142857142857143,6,81,7.407407407407407,3,0
lpq_w7,severity,heavy,41,308,13.311688311688311,41,274,14.963503649635037,34,0
lpq_w7,severity,light,87,476,18.277310924369747,87,458,18.995633187772924,18,0
lpq_w7,severity,medium,62,364,17.032967032967033,62,357,17.366946778711483,7,0
lpq_w7,transform,aspect_16_9,6,28,21.428571428571427,6,28,21.428571428571427,0,0
lpq_w7,transform,aspect_6_3,6,28,21.428571428571427,6,28,21.428571428571427,0,0
lpq_w7,transform,autolevel,6,28,21.428571428571427,6,28,21.428571428571427,0,0
lpq_w7,transform,blur_3,6,28,21.428571428571427,6,28,21.428571428571427,0,0
lpq_w7,transform,blur_5,6,28,21.428571428571427,6,28,21.428571428571427,0,0
lpq_w7,transform,blur_7,7,28,25.0,7,28,25.0,0,0
lpq_w7,transform,brightness_p10,6,28,21.428571428571427,6,28,21.428571428571427,0,0
lpq_w7,transform,brightness_p20,6,28,21.428571428571427,6,28,21.428571428571427,0,0
lpq_w7,transform,brightness_p25,6,28,21.428571428571427,6,28,21.428571428571427,0,0
lpq_w7,transform,color_8bit,4,28,14.285714285714286,4,23,17.391304347826086,5,0
lpq_w7,transform,crop_60,3,28,10.714285714285714,3,28,10.714285714285714,0,0
lpq_w7,transform,crop_70,4,28,14.285714285714286,4,28,14.285714285714286,0,0
lpq_w7,transform,crop_90,6,28,21.428571428571427,6,28,21.428571428571427,0,0
lpq_w7,transform,flip_lr,3,28,10.714285714285714,3,28,10.714285714285714,0,0
lpq_w7,transform,gaussnoise_12,4,28,14.285714285714286,4,27,14.814814814814815,1,0
lpq_w7,transform,gaussnoise_4,6,28,21.428571428571427,6,28,21.428571428571427,0,0
lpq_w7,transform,gaussnoise_8,5,28,17.857142857142858,5,28,17.857142857142858,0,0
lpq_w7,transform,histeq,5,28,17.857142857142858,5,28,17.857142857142858,0,0
lpq_w7,transform,jpeg_q30,6,28,21.428571428571427,6,28,21.428571428571427,0,0
lpq_w7,transform,jpeg_q60,6,28,21.428571428571427,6,28,21.428571428571427,0,0
lpq_w7,transform,jpeg_q80,6,28,21.428571428571427,6,28,21.428571428571427,0,0
lpq_w7,transform,monochrome,5,28,17.857142857142858,5,26,19.23076923076923,2,0
lpq_w7,transform,persp_10,6,28,21.428571428571427,6,28,21.428571428571427,0,0
lpq_w7,transform,persp_4,6,28,21.428571428571427,6,28,21.428571428571427,0,0
lpq_w7,transform,persp_6,6,28,21.428571428571427,6,28,21.428571428571427,0,0
lpq_w7,transform,rgb565,6,28,21.428571428571427,6,28,21.428571428571427,0,0
lpq_w7,transform,rot_10,7,28,25.0,7,28,25.0,0,0
lpq_w7,transform,rot_180,0,28,0.0,0,27,0.0,1,0
lpq_w7,transform,rot_25,4,28,14.285714285714286,4,27,14.814814814814815,1,0
lpq_w7,transform,rot_270,0,28,0.0,0,16,0.0,12,0
lpq_w7,transform,rot_45,0,28,0.0,0,18,0.0,10,0
lpq_w7,transform,rot_90,0,28,0.0,0,12,0.0,16,0
lpq_w7,transform,scale_50,1,28,3.5714285714285716,1,20,5.0,8,0
lpq_w7,transform,scale_70,6,28,21.428571428571427,6,28,21.428571428571427,0,0
lpq_w7,transform,scale_90,6,28,21.428571428571427,6,28,21.428571428571427,0,0
lpq_w7,transform,skew_10,8,28,28.571428571428573,8,28,28.571428571428573,0,0
lpq_w7,transform,skew_4,6,28,21.428571428571427,6,28,21.428571428571427,0,0
lpq_w7,transform,skew_6,7,28,25.0,7,28,25.0,0,0
lpq_w7,transform,trans_10,1,28,3.5714285714285716,1,28,3.5714285714285716,0,0
lpq_w7,transform,trans_20,2,28,7.142857142857143,2,28,7.142857142857143,0,0
lpq_w7,transform,trans_30,0,28,0.0,0,25,0.0,3,0
lpq_w7,category,Aspect ratio change,12,56,21.428571428571427,12,56,21.428571428571427,0,0
lpq_w7,category,Auto-levels,6,28,21.428571428571427,6,28,21.428571428571427,0,0
lpq_w7,category,Blur,19,84,22.61904761904762,19,84,22.61904761904762,0,0
lpq_w7,category,Brightness change,18,84,21.428571428571427,18,84,21.428571428571427,0,0
lpq_w7,category,Colour reduction,10,56,17.857142857142858,10,51,19.607843137254903,5,0
lpq_w7,category,Colour to monochrome,5,28,17.857142857142858,5,26,19.23076923076923,2,0
lpq_w7,category,Crop,13,84,15.476190476190476,13,84,15.476190476190476,0,0
lpq_w7,category,Flip,3,28,10.714285714285714,3,28,10.714285714285714,0,0
lpq_w7,category,Gaussian noise,15,84,17.857142857142858,15,83,18.072289156626507,1,0
lpq_w7,category,Histogram equalization,5,28,17.857142857142858,5,28,17.857142857142858,0,0
lpq_w7,category,JPEG compression,18,84,21.428571428571427,18,84,21.428571428571427,0,0
lpq_w7,category,Perspective,18,84,21.428571428571427,18,84,21.428571428571427,0,0
lpq_w7,category,Rotation,0,84,0.0,0,55,0.0,29,0
lpq_w7,category,Scaling,13,84,15.476190476190476,13,76,17.105263157894736,8,0
lpq_w7,category,Simple rotation,11,84,13.095238095238095,11,73,15.068493150684931,11,0
lpq_w7,category,Skew,21,84,25.0,21,84,25.0,0,0
lpq_w7,category,Translation,3,84,3.5714285714285716,3,81,3.7037037037037037,3,0
lpq_multiscale_w3_5_7,severity,heavy,42,308,13.636363636363637,42,274,15.328467153284672,34,0
lpq_multiscale_w3_5_7,severity,light,87,476,18.277310924369747,87,458,18.995633187772924,18,0
lpq_multiscale_w3_5_7,severity,medium,61,364,16.75824175824176,61,357,17.086834733893557,7,0
lpq_multiscale_w3_5_7,transform,aspect_16_9,7,28,25.0,7,28,25.0,0,0
lpq_multiscale_w3_5_7,transform,aspect_6_3,6,28,21.428571428571427,6,28,21.428571428571427,0,0
lpq_multiscale_w3_5_7,transform,autolevel,6,28,21.428571428571427,6,28,21.428571428571427,0,0
lpq_multiscale_w3_5_7,transform,blur_3,6,28,21.428571428571427,6,28,21.428571428571427,0,0
lpq_multiscale_w3_5_7,transform,blur_5,7,28,25.0,7,28,25.0,0,0
lpq_multiscale_w3_5_7,transform,blur_7,6,28,21.428571428571427,6,28,21.428571428571427,0,0
lpq_multiscale_w3_5_7,transform,brightness_p10,6,28,21.428571428571427,6,28,21.428571428571427,0,0
lpq_multiscale_w3_5_7,transform,brightness_p20,6,28,21.428571428571427,6,28,21.428571428571427,0,0
lpq_multiscale_w3_5_7,transform,brightness_p25,6,28,21.428571428571427,6,28,21.428571428571427,0,0
lpq_multiscale_w3_5_7,transform,color_8bit,5,28,17.857142857142858,5,23,21.73913043478261,5,0
lpq_multiscale_w3_5_7,transform,crop_60,4,28,14.285714285714286,4,28,14.285714285714286,0,0
lpq_multiscale_w3_5_7,transform,crop_70,4,28,14.285714285714286,4,28,14.285714285714286,0,0
lpq_multiscale_w3_5_7,transform,crop_90,6,28,21.428571428571427,6,28,21.428571428571427,0,0
lpq_multiscale_w3_5_7,transform,flip_lr,2,28,7.142857142857143,2,28,7.142857142857143,0,0
lpq_multiscale_w3_5_7,transform,gaussnoise_12,4,28,14.285714285714286,4,27,14.814814814814815,1,0
lpq_multiscale_w3_5_7,transform,gaussnoise_4,7,28,25.0,7,28,25.0,0,0
lpq_multiscale_w3_5_7,transform,gaussnoise_8,4,28,14.285714285714286,4,28,14.285714285714286,0,0
lpq_multiscale_w3_5_7,transform,histeq,6,28,21.428571428571427,6,28,21.428571428571427,0,0
lpq_multiscale_w3_5_7,transform,jpeg_q30,7,28,25.0,7,28,25.0,0,0
lpq_multiscale_w3_5_7,transform,jpeg_q60,6,28,21.428571428571427,6,28,21.428571428571427,0,0
lpq_multiscale_w3_5_7,transform,jpeg_q80,6,28,21.428571428571427,6,28,21.428571428571427,0,0
lpq_multiscale_w3_5_7,transform,monochrome,5,28,17.857142857142858,5,26,19.23076923076923,2,0
lpq_multiscale_w3_5_7,transform,persp_10,7,28,25.0,7,28,25.0,0,0
lpq_multiscale_w3_5_7,transform,persp_4,6,28,21.428571428571427,6,28,21.428571428571427,0,0
lpq_multiscale_w3_5_7,transform,persp_6,6,28,21.428571428571427,6,28,21.428571428571427,0,0
lpq_multiscale_w3_5_7,transform,rgb565,6,28,21.428571428571427,6,28,21.428571428571427,0,0
lpq_multiscale_w3_5_7,transform,rot_10,7,28,25.0,7,28,25.0,0,0
lpq_multiscale_w3_5_7,transform,rot_180,0,28,0.0,0,27,0.0,1,0
lpq_multiscale_w3_5_7,transform,rot_25,5,28,17.857142857142858,5,27,18.51851851851852,1,0
lpq_multiscale_w3_5_7,transform,rot_270,0,28,0.0,0,16,0.0,12,0
lpq_multiscale_w3_5_7,transform,rot_45,1,28,3.5714285714285716,1,18,5.555555555555555,10,0
lpq_multiscale_w3_5_7,transform,rot_90,0,28,0.0,0,12,0.0,16,0
lpq_multiscale_w3_5_7,transform,scale_50,0,28,0.0,0,20,0.0,8,0
lpq_multiscale_w3_5_7,transform,scale_70,4,28,14.285714285714286,4,28,14.285714285714286,0,0
lpq_multiscale_w3_5_7,transform,scale_90,5,28,17.857142857142858,5,28,17.857142857142858,0,0
lpq_multiscale_w3_5_7,transform,skew_10,6,28,21.428571428571427,6,28,21.428571428571427,0,0
lpq_multiscale_w3_5_7,transform,skew_4,6,28,21.428571428571427,6,28,21.428571428571427,0,0
lpq_multiscale_w3_5_7,transform,skew_6,7,28,25.0,7,28,25.0,0,0
lpq_multiscale_w3_5_7,transform,trans_10,0,28,0.0,0,28,0.0,0,0
lpq_multiscale_w3_5_7,transform,trans_20,1,28,3.5714285714285716,1,28,3.5714285714285716,0,0
lpq_multiscale_w3_5_7,transform,trans_30,1,28,3.5714285714285716,1,25,4.0,3,0
lpq_multiscale_w3_5_7,category,Aspect ratio change,13,56,23.214285714285715,13,56,23.214285714285715,0,0
lpq_multiscale_w3_5_7,category,Auto-levels,6,28,21.428571428571427,6,28,21.428571428571427,0,0
lpq_multiscale_w3_5_7,category,Blur,19,84,22.61904761904762,19,84,22.61904761904762,0,0
lpq_multiscale_w3_5_7,category,Brightness change,18,84,21.428571428571427,18,84,21.428571428571427,0,0
lpq_multiscale_w3_5_7,category,Colour reduction,11,56,19.642857142857142,11,51,21.568627450980394,5,0
lpq_multiscale_w3_5_7,category,Colour to monochrome,5,28,17.857142857142858,5,26,19.23076923076923,2,0
lpq_multiscale_w3_5_7,category,Crop,14,84,16.666666666666668,14,84,16.666666666666668,0,0
lpq_multiscale_w3_5_7,category,Flip,2,28,7.142857142857143,2,28,7.142857142857143,0,0
lpq_multiscale_w3_5_7,category,Gaussian noise,15,84,17.857142857142858,15,83,18.072289156626507,1,0
lpq_multiscale_w3_5_7,category,Histogram equalization,6,28,21.428571428571427,6,28,21.428571428571427,0,0
lpq_multiscale_w3_5_7,category,JPEG compression,19,84,22.61904761904762,19,84,22.61904761904762,0,0
lpq_multiscale_w3_5_7,category,Perspective,19,84,22.61904761904762,19,84,22.61904761904762,0,0
lpq_multiscale_w3_5_7,category,Rotation,0,84,0.0,0,55,0.0,29,0
lpq_multiscale_w3_5_7,category,Scaling,9,84,10.714285714285714,9,76,11.842105263157896,8,0
lpq_multiscale_w3_5_7,category,Simple rotation,13,84,15.476190476190476,13,73,17.80821917808219,11,0
lpq_multiscale_w3_5_7,category,Skew,19,84,22.61904761904762,19,84,22.61904761904762,0,0
lpq_multiscale_w3_5_7,category,Translation,2,84,2.380952380952381,2,81,2.4691358024691357,3,0
hog,severity,heavy,28,308,9.090909090909092,28,274,10.218978102189782,34,0
hog,severity,light,59,476,12.394957983193278,59,458,12.882096069868995,18,0
hog,severity,medium,41,364,11.263736263736265,41,357,11.484593837535014,7,0
hog,transform,aspect_16_9,4,28,14.285714285714286,4,28,14.285714285714286,0,0
hog,transform,aspect_6_3,3,28,10.714285714285714,3,28,10.714285714285714,0,0
hog,transform,autolevel,5,28,17.857142857142858,5,28,17.857142857142858,0,0
hog,transform,blur_3,3,28,10.714285714285714,3,28,10.714285714285714,0,0
hog,transform,blur_5,3,28,10.714285714285714,3,28,10.714285714285714,0,0
hog,transform,blur_7,4,28,14.285714285714286,4,28,14.285714285714286,0,0
hog,transform,brightness_p10,5,28,17.857142857142858,5,28,17.857142857142858,0,0
hog,transform,brightness_p20,5,28,17.857142857142858,5,28,17.857142857142858,0,0
hog,transform,brightness_p25,5,28,17.857142857142858,5,28,17.857142857142858,0,0
hog,transform,color_8bit,1,28,3.5714285714285716,1,23,4.3478260869565215,5,0
hog,transform,crop_60,3,28,10.714285714285714,3,28,10.714285714285714,0,0
hog,transform,crop_70,5,28,17.857142857142858,5,28,17.857142857142858,0,0
hog,transform,crop_90,5,28,17.857142857142858,5,28,17.857142857142858,0,0
hog,transform,flip_lr,2,28,7.142857142857143,2,28,7.142857142857143,0,0
hog,transform,gaussnoise_12,1,28,3.5714285714285716,1,27,3.7037037037037037,1,0
hog,transform,gaussnoise_4,3,28,10.714285714285714,3,28,10.714285714285714,0,0
hog,transform,gaussnoise_8,3,28,10.714285714285714,3,28,10.714285714285714,0,0
hog,transform,histeq,3,28,10.714285714285714,3,28,10.714285714285714,0,0
hog,transform,jpeg_q30,5,28,17.857142857142858,5,28,17.857142857142858,0,0
hog,transform,jpeg_q60,6,28,21.428571428571427,6,28,21.428571428571427,0,0
hog,transform,jpeg_q80,6,28,21.428571428571427,6,28,21.428571428571427,0,0
hog,transform,monochrome,4,28,14.285714285714286,4,26,15.384615384615385,2,0
hog,transform,persp_10,2,28,7.142857142857143,2,28,7.142857142857143,0,0
hog,transform,persp_4,4,28,14.285714285714286,4,28,14.285714285714286,0,0
hog,transform,persp_6,3,28,10.714285714285714,3,28,10.714285714285714,0,0
hog,transform,rgb565,4,28,14.285714285714286,4,28,14.285714285714286,0,0
hog,transform,rot_10,5,28,17.857142857142858,5,28,17.857142857142858,0,0
hog,transform,rot_180,1,28,3.5714285714285716,1,27,3.7037037037037037,1,0
hog,transform,rot_25,0,28,0.0,0,27,0.0,1,0
hog,transform,rot_270,1,28,3.5714285714285716,1,16,6.25,12,0
hog,transform,rot_45,0,28,0.0,0,18,0.0,10,0
hog,transform,rot_90,0,28,0.0,0,12,0.0,16,0
hog,transform,scale_50,1,28,3.5714285714285716,1,20,5.0,8,0
hog,transform,scale_70,3,28,10.714285714285714,3,28,10.714285714285714,0,0
hog,transform,scale_90,1,28,3.5714285714285716,1,28,3.5714285714285716,0,0
hog,transform,skew_10,6,28,21.428571428571427,6,28,21.428571428571427,0,0
hog,transform,skew_4,5,28,17.857142857142858,5,28,17.857142857142858,0,0
hog,transform,skew_6,7,28,25.0,7,28,25.0,0,0
hog,transform,trans_10,0,28,0.0,0,28,0.0,0,0
hog,transform,trans_20,1,28,3.5714285714285716,1,28,3.5714285714285716,0,0
hog,transform,trans_30,0,28,0.0,0,25,0.0,3,0
hog,category,Aspect ratio change,7,56,12.5,7,56,12.5,0,0
hog,category,Auto-levels,5,28,17.857142857142858,5,28,17.857142857142858,0,0
hog,category,Blur,10,84,11.904761904761905,10,84,11.904761904761905,0,0
hog,category,Brightness change,15,84,17.857142857142858,15,84,17.857142857142858,0,0
hog,category,Colour reduction,5,56,8.928571428571429,5,51,9.803921568627452,5,0
hog,category,Colour to monochrome,4,28,14.285714285714286,4,26,15.384615384615385,2,0
hog,category,Crop,13,84,15.476190476190476,13,84,15.476190476190476,0,0
hog,category,Flip,2,28,7.142857142857143,2,28,7.142857142857143,0,0
hog,category,Gaussian noise,7,84,8.333333333333334,7,83,8.433734939759036,1,0
hog,category,Histogram equalization,3,28,10.714285714285714,3,28,10.714285714285714,0,0
hog,category,JPEG compression,17,84,20.238095238095237,17,84,20.238095238095237,0,0
hog,category,Perspective,9,84,10.714285714285714,9,84,10.714285714285714,0,0
hog,category,Rotation,2,84,2.380952380952381,2,55,3.6363636363636362,29,0
hog,category,Scaling,5,84,5.9523809523809526,5,76,6.578947368421052,8,0
hog,category,Simple rotation,5,84,5.9523809523809526,5,73,6.8493150684931505,11,0
hog,category,Skew,18,84,21.428571428571427,18,84,21.428571428571427,0,0
hog,category,Translation,1,84,1.1904761904761905,1,81,1.2345679012345678,3,0
